question,reference_contexts,ground_truth,persona_name,query_style,query_length,synthesizer_name
What are the absorption and metabolism of anthocyanins in elderly women after consuming elderberry or blueberry?,"['Human Nutrition and Metabolism\nAbsorption and Metabolism of Anthocyanins in Elderly Women after\nConsumption of Elderberry or Blueberry\nXianli Wu,* Guohua Cao † and Ronald L. Prior 1,3\n*U.S. Department of Agriculture, Agriculture Research Service, Arkansas Children’s Nutrition Center,\nLittle Rock, AR 72202 and †U.S. Department of Agriculture Human Nutrition Research Center\non Aging at Tufts, Boston 02111\nABSTRACT The absorption and metabolism of anthocyanins (ACN) in humans was studied in four elderly women\ngiven 12 g elderberry extract (EBX) (720 mg total ACN), and six elderly women given 189 g lowbush blueberry (BB)\n(690 mg total ACN). The two major ACN in EBX, cyanidin-3-glucoside and cyanidin-3-sambubioside, as well as four\nmetabolites: 1) peonidin 3-glucoside, 2) peonidin 3-sambubioside, 3) peonidin monoglucuronide, and 4) cyanidin-\n3-glucoside monoglucuronide were identiﬁed in urine withi n4ho f consumption using HPLC-MS/MS with']","The study investigated the absorption and metabolism of anthocyanins (ACN) in four elderly women who consumed 12 g elderberry extract (EBX) containing 720 mg total ACN, and six elderly women who consumed 189 g lowbush blueberry (BB) containing 690 mg total ACN. The two major anthocyanins in EBX were identified as cyanidin-3-glucoside and cyanidin-3-sambubioside, while four metabolites were also detected: peonidin 3-glucoside, peonidin 3-sambubioside, peonidin monoglucuronide, and cyanidin-3-glucoside monoglucuronide. These findings provide insights into the absorption and metabolism of anthocyanins in elderly women after consuming elderberry or blueberry.",Analista Junior,WEB_SEARCH_LIKE,SHORT,single_hop_specific_query_synthesizer
What are the absorption and metabolism of anthocyanins (ACN) in elderly women after consuming elderberry extract (EBX)?,"['Human Nutrition and Metabolism\nAbsorption and Metabolism of Anthocyanins in Elderly Women after\nConsumption of Elderberry or Blueberry\nXianli Wu,* Guohua Cao † and Ronald L. Prior 1,3\n*U.S. Department of Agriculture, Agriculture Research Service, Arkansas Children’s Nutrition Center,\nLittle Rock, AR 72202 and †U.S. Department of Agriculture Human Nutrition Research Center\non Aging at Tufts, Boston 02111\nABSTRACT The absorption and metabolism of anthocyanins (ACN) in humans was studied in four elderly women\ngiven 12 g elderberry extract (EBX) (720 mg total ACN), and six elderly women given 189 g lowbush blueberry (BB)\n(690 mg total ACN). The two major ACN in EBX, cyanidin-3-glucoside and cyanidin-3-sambubioside, as well as four\nmetabolites: 1) peonidin 3-glucoside, 2) peonidin 3-sambubioside, 3) peonidin monoglucuronide, and 4) cyanidin-\n3-glucoside monoglucuronide were identiﬁed in urine withi n4ho f consumption using HPLC-MS/MS with']","The study investigated the absorption and metabolism of anthocyanins (ACN) in four elderly women who consumed 12 g of elderberry extract (EBX), which contained 720 mg total ACN. The two major anthocyanins in EBX, cyanidin-3-glucoside and cyanidin-3-sambubioside, as well as four metabolites were identified in their urine using high-performance liquid chromatography coupled with tandem mass spectrometry (HPLC-MS/MS) after consuming the elderberry extract. The study aimed to understand how these anthocyanins are absorbed and metabolized by elderly women.",Analista Junior,PERFECT_GRAMMAR,SHORT,single_hop_specific_query_synthesizer
What is the context regarding the absorption and metabolism of dietary ACN?,"['cently, several papers on the absorption and metabolism of\ndietary ACN have shown that ACN can be absorbed in\nexperimental animals and humans as glycosides (12–23).\nWe have previously detected the intact glycoside forms in\nblood and urine of humans after consuming elderberry ACN\n(16 –17). Murkovic and coworkers (20 –22) studied the absorp-\ntion and metabolism of ACN in elderberry juice, and showed that\nACN, though in low concentration, could be detected in blood\nand urine as intact glycosides. This report documents that addi-\ntional ACN metabolites are present in humans after consump-\ntion of ACN from an elderberry extract or whole blueberry.\n1 To whom correspondence should be addressed.\nE-mail: PriorRonaldL@uams.edu.\n2 Abbreviations used: ACN, anthocyanins; BB, lowbush blueberry; EBX, el -\nderberry extract; MS, mass spectrometer; m/z: mass to charge ratio; SPE, solid-\nphase extraction; TFA, triﬂuoroacetic acid.\n3 Mention of a trade name, proprietary product, or speciﬁc equipment does']","The provided text discusses several papers on the absorption and metabolism of dietary ACN. It mentions that ACN can be absorbed in experimental animals and humans as glycosides, detected in blood and urine after consuming elderberry ACN or whole blueberries.",Químico Experto,MISSPELLED,MEDIUM,single_hop_specific_query_synthesizer
What are anthocyanins and their significance in the context of elderberry extract consumption?,"['cently, several papers on the absorption and metabolism of\ndietary ACN have shown that ACN can be absorbed in\nexperimental animals and humans as glycosides (12–23).\nWe have previously detected the intact glycoside forms in\nblood and urine of humans after consuming elderberry ACN\n(16 –17). Murkovic and coworkers (20 –22) studied the absorp-\ntion and metabolism of ACN in elderberry juice, and showed that\nACN, though in low concentration, could be detected in blood\nand urine as intact glycosides. This report documents that addi-\ntional ACN metabolites are present in humans after consump-\ntion of ACN from an elderberry extract or whole blueberry.\n1 To whom correspondence should be addressed.\nE-mail: PriorRonaldL@uams.edu.\n2 Abbreviations used: ACN, anthocyanins; BB, lowbush blueberry; EBX, el -\nderberry extract; MS, mass spectrometer; m/z: mass to charge ratio; SPE, solid-\nphase extraction; TFA, triﬂuoroacetic acid.\n3 Mention of a trade name, proprietary product, or speciﬁc equipment does']","Anthocyanins are pigments found in plants that give them red, purple, and blue colors. In the context of elderberry extract consumption, they have been shown to be absorbed as intact glycosides in both experimental animals and humans after consuming elderberry ACN (16-17). This indicates their potential for absorption and metabolism.",Químico Experto,POOR_GRAMMAR,LONG,single_hop_specific_query_synthesizer
What was the solution injected into?,"['(0.45 /H9262m, Phenomenex), the solution was injected into the\nHPLC/MS system for the analysis of ACN.\nBefore experimental samples were prepared, blank urine and blood\nsamples spiked with cyanidin-3- O-/H9252-glucoside were prepared using\nthe same procedures to test the recovery of the sample preparation\nmethod.\nAnalysis of ACN in urine and plasma. The analysis of ACN in\nurine was carried out on an HP series 1100 HPLC system including an\nautosampler, a binary pump, Zorbax SB-C\n18 column (4.6 /H11003250 mm),\nand a diode array detector (Agilent Technologies, Palo Alto, CA).\nElution was performed using mobile phase A (5% formic acid aqueous\nsolution) and mobile phase B (pure methanol). The ﬂow rate was 1\nmL/min and detection was at 520 nm. The gradient system used was\nas follows: 0 –2 min, 5% B; 2 –10 min, 5–20% B; 10 –15 min, 20% B;\n15–30 min, 20 –30% B; 30 –35 min, 30% B; 35 –50 min, 30 – 45% B;\n50–55 min, 45% B; 55 – 65 min, 45 –5% B; and 65 – 68 min, 5% B.']",The solution was injected into an HPLC/MS system for the analysis of ACN.,Químico Experto,PERFECT_GRAMMAR,MEDIUM,single_hop_specific_query_synthesizer
What was injected into the HPLC/MS system for the analysis of ACN?,"['the solution was injected into the HPLC/MS system for the analysis of ACN. Before experimental samples were prepared, blank urine and blood samples spiked with cyanidin-3- O-/H9252-glucoside were prepared using the']",The solution was injected into the HPLC/MS system for the analysis of ACN.,Químico Experto,POOR_GRAMMAR,MEDIUM,single_hop_specific_query_synthesizer
What is the purpose of comparing chromatograms under identical conditions?,"['spectral data and by comparison with authentic standards. On\nthe representative chromatogram of subject G (0 –2 h), one\npeak appeared with a retention time of 34 min ( Fig. 3A, Peak\n3) and with an m/z of 463.1 and a daughter fragmentary peak\nfrom MS/MS with an m/z of 301.2 (Fig. 3 B). Based upon the\nm/z of 301.2, we assumed this peak to be peonidin glycoside or\nanother methylated form of cyanidin glycoside. We compared\nthe chromatogram of the mixed ACN standards under the\nsame experimental conditions (Fig. 1 C) and found that the\nretention time of this peak was identical to that of peonidin-\n3-glucoside, conﬁrming this peak to be peonidin-3-glucoside, a\nmethylated form of cyanidin-3-glucoside. This observation\nalso supports the conclusion from other studies, which dem-\nonstrated that for several ﬂavonoids with 3 /H11032,4 /H11032-dihydroxyla-\ntion of ring B, methylation tends to occur at the 3/H11032-O-position\n(26). Another small peak appeared at 33.1 min (Fig. 3 A, Peak']",Comparing chromatograms under identical experimental conditions helps in identifying and confirming the presence of specific compounds or peaks by cross-referencing them with authentic standards. This method ensures accuracy and reliability in data interpretation.,Analista Junior,WEB_SEARCH_LIKE,LONG,single_hop_specific_query_synthesizer
What is the retention time of a specific peak in spectral data?,"['spectral data and by comparison with authentic standards. On\nthe representative chromatogram of subject G (0 –2 h), one\npeak appeared with a retention time of 34 min ( Fig. 3A, Peak\n3) and with an m/z of 463.1 and a daughter fragmentary peak\nfrom MS/MS with an m/z of 301.2 (Fig. 3 B). Based upon the\nm/z of 301.2, we assumed this peak to be peonidin glycoside or\nanother methylated form of cyanidin glycoside. We compared\nthe chromatogram of the mixed ACN standards under the\nsame experimental conditions (Fig. 1 C) and found that the\nretention time of this peak was identical to that of peonidin-\n3-glucoside, conﬁrming this peak to be peonidin-3-glucoside, a\nmethylated form of cyanidin-3-glucoside. This observation\nalso supports the conclusion from other studies, which dem-\nonstrated that for several ﬂavonoids with 3 /H11032,4 /H11032-dihydroxyla-\ntion of ring B, methylation tends to occur at the 3/H11032-O-position\n(26). Another small peak appeared at 33.1 min (Fig. 3 A, Peak']",The specific peak with a retention time of 34 minutes was identified as peonidin-3-glucoside based on its m/z value and comparison with ACN standards.,Analista Junior,PERFECT_GRAMMAR,LONG,single_hop_specific_query_synthesizer
What is the purpose of FIGURE 2 Liquid chromatography-mass spectrometry analysis of anthocyanins in urine samples?,"['below (B). Peaks 5 and 6 have not been identi ﬁed as they do not have\ntypical MS spectra for ACN.\nFIGURE 2 Liquid chromatography-mass spectrometry analysis of\nanthocyanins (ACN) in the urine sample from subject G (0 –2 h). A is an\nenlarged chromatogram during 25 –29 min of Figure 1 ( B), which\nshowed the high peak at approximately 27 min contained two peaks\n(Peaks 1 and 2). They are two major ACN cyanidin-3-glucoside and\ncyanidin-3-sambubioside in elderberry. Their MS spectral data are\npresented below (B).\nANTHOCYANIN METABOLITES IN HUMANS 1867']",The purpose of FIGURE 2 Liquid chromatography-mass spectrometry analysis of anthocyanins (ACN) in the urine sample from subject G (0 –2 h) is to identify and quantify the presence of major ACN cyanidin-3-glucoside and cyanidin-3-sambubioside in elderberry.,Analista Junior,POOR_GRAMMAR,SHORT,single_hop_specific_query_synthesizer
What is the context of studying ACN in blueberries?,"['food sample as a standard to identify ACN in urine. ACN in blueberry have been studied thoroughly, with at least 25 ACN being detected in BB (27).']","The context involves studying ACN (Alkaloids from Cyanogenic Glycosides) in blueberries, with at least 25 different ACN compounds being detected.",Químico Experto,POOR_GRAMMAR,SHORT,single_hop_specific_query_synthesizer
What is the significance of considering ACN not being absorbed in the human body unless they are first hydrolyzed to the aglycone?,"['lower detection limit under our current conditions would be\n0.005 mg/L (based on cyanidin-3-glucoside).\nDISCUSSION\nACN have been considered to not be absorbed in the\nhuman body, unless they were ﬁrst hydrolyzed to the aglycone\nin the gastrointestinal tract. The poor lipophilic properties of\nACN have led to the conviction that they are underabsorbed.\nHorwitt (11) was perhaps the ﬁrst to observe the ACN pig-\nments in the urine of rabbits. Recently, however, several\ninvestigators have concluded that ACN can be absorbed in\nboth human and animal bodies as intact forms (12 –23). Some\ninvestigators have shown that quercetin glucosides may inter-\nact with the intestinal glucose transporter and be absorbed in\nthat manner (28 –30). Whether ACN could be absorbed by a\nsimilar mechanism remains unknown. Mu ¨ lleder et al. (22)\ncompared the urinary excretion when elderberry ACN were\nconsumed with and without simultaneous ingestion of sugar.\nThe total excretion of ACN with sugar was lower than that']","The term 'ACN have been considered to not be absorbed in the
human body, unless they were ﬁrst hydrolyzed to the aglycone
in the gastrointestinal tract' suggests that ACN's absorption is dependent on their conversion into an aglycone form. This implies that without this conversion, ACN may not be effectively absorbed by the human body.",Analista Junior,MISSPELLED,SHORT,single_hop_specific_query_synthesizer
What is the lower detection limit for cyanidin-3-glucoside under current conditions?,"['lower detection limit under our current conditions would be\n0.005 mg/L (based on cyanidin-3-glucoside).\nDISCUSSION\nACN have been considered to not be absorbed in the\nhuman body, unless they were ﬁrst hydrolyzed to the aglycone\nin the gastrointestinal tract. The poor lipophilic properties of\nACN have led to the conviction that they are underabsorbed.\nHorwitt (11) was perhaps the ﬁrst to observe the ACN pig-\nments in the urine of rabbits. Recently, however, several\ninvestigators have concluded that ACN can be absorbed in\nboth human and animal bodies as intact forms (12 –23). Some\ninvestigators have shown that quercetin glucosides may inter-\nact with the intestinal glucose transporter and be absorbed in\nthat manner (28 –30). Whether ACN could be absorbed by a\nsimilar mechanism remains unknown. Mu ¨ lleder et al. (22)\ncompared the urinary excretion when elderberry ACN were\nconsumed with and without simultaneous ingestion of sugar.\nThe total excretion of ACN with sugar was lower than that']",The lower detection limit for cyanidin-3-glucoside under our current conditions would be 0.005 mg/L (based on cyanidin-3-glucoside).,Químico Experto,PERFECT_GRAMMAR,SHORT,single_hop_specific_query_synthesizer
What are two possible pathways that could describe the formation of peonidin monoglucuronide?,"['Because previous investigators have relied on detecting the\nconjugated forms using the difference in ACN concentrations\nbefore and after incubation with\n/H9252-glucuronidase, small\namounts of degradation during the incubation might mask any\nconjugates that were present.\nIn this study, we still do not know how the peonidin\nmonoglucuronide is formed. Two possible pathways could de-\nscribe the formation of this metabolite ( Fig. 6). Cyanidin-3-\nglucoside could be absorbed intact and some methylated to\nform peonidin-3-glucoside in the liver (Fig. 6; Pathway 1).\nEither cyanidin-3-glucoside or peonidin-3-glucoside could\nserve as a substrate for UDP-glucose dehydrogenase to form\nthe corresponding glucuronide from the glucose form. For this\nto occur, cyanidin-3-glucoside or peonidin-3-glucoside would\nhave to serve as a substrate for the enzyme UDP-glucose\ndehydrogenase, which converts UDP-glucose into UDP-gluc-\nuronic acid. UDP-glucose dehydrogenase (GDH) is a unique']","In this study, we still do not know how the peonidin monoglucuronide is formed. Two possible pathways could describe the formation of this metabolite (Fig. 6). Cyanidin-3-glucoside could be absorbed intact and some methylated to form peonidin-3-glucoside in the liver (Fig. 6; Pathway 1). Either cyanidin-3-glucoside or peonidin-3-glucoside could serve as a substrate for UDP-glucose dehydrogenase to form the corresponding glucuronide from the glucose form. For this to occur, cyanidin-3-glucoside or peonidin-3-glucoside would have to serve as a substrate for the enzyme UDP-glucose dehydrogenase, which converts UDP-glucose into UDP-glucuronic acid. UDP-glucose dehydrogenase (GDH) is a unique enzyme that catalyzes this reaction.",Químico Experto,PERFECT_GRAMMAR,LONG,single_hop_specific_query_synthesizer
What is the function of UDP-glucose dehydrogenase in this context?,"['Because previous investigators have relied on detecting the\nconjugated forms using the difference in ACN concentrations\nbefore and after incubation with\n/H9252-glucuronidase, small\namounts of degradation during the incubation might mask any\nconjugates that were present.\nIn this study, we still do not know how the peonidin\nmonoglucuronide is formed. Two possible pathways could de-\nscribe the formation of this metabolite ( Fig. 6). Cyanidin-3-\nglucoside could be absorbed intact and some methylated to\nform peonidin-3-glucoside in the liver (Fig. 6; Pathway 1).\nEither cyanidin-3-glucoside or peonidin-3-glucoside could\nserve as a substrate for UDP-glucose dehydrogenase to form\nthe corresponding glucuronide from the glucose form. For this\nto occur, cyanidin-3-glucoside or peonidin-3-glucoside would\nhave to serve as a substrate for the enzyme UDP-glucose\ndehydrogenase, which converts UDP-glucose into UDP-gluc-\nuronic acid. UDP-glucose dehydrogenase (GDH) is a unique']","UDP-glucose dehydrogenase, or GDH, is a unique enzyme that converts UDP-glucose into UDP-gluconic acid. In this study, it could potentially serve as a substrate for the formation of peonidin-3-glucoside from cyanidin-3-glucoside or peonidin-3-glucoside.",Químico Experto,MISSPELLED,LONG,single_hop_specific_query_synthesizer
What is the purpose of comparing the urinary excretion of individual ACN to the relative amounts in a blueberry meal?,"['making detection of any single ACN much more dif ﬁcult.\nThere are /H1102225 individual ACN in blueberry and no single\nACN is dominant. However, in elderberry, two ACN account\nfor /H1102290% of the total ACN. The second reason for the lower\nabsorption from blueberry may lie in the form in which the\nACN were given. In the elderberry study, the ACN were in an\nextract and thus in a concentrated form. In the blueberry\nstudy, the ACN were given as part of the whole berry. Ab-\nsorption from a plant extract will likely be much better than\nfrom the raw plant where the ACN have not been extracted\nfrom the plant cell. When we compared the urinary excretion\nof the individual ACN to the relative amounts of ACN in the\nblueberry meal (Fig. 5), the proportion of most ACN excreted\nin urine was consistent with that in the meal. The exceptions\nwere with the arabinosides of delphinidin, petunidin, and\nmalvidin. This may indicate that the arabinoside forms may be']",The purpose of comparing the urinary excretion of individual ACN to the relative amounts in a blueberry meal is to determine if there are any differences in absorption or excretion between the two.,Analista Junior,PERFECT_GRAMMAR,SHORT,single_hop_specific_query_synthesizer
What is the process by which glucuronide forms in human urine following the consumption of elderberry?,"['glucuronide forms of ACN, namely peonidin monogluc- uronide and cyanidin-3-glucoside monoglucuronide, in the urine of humans after the consumption of elderberry']","The glucuronide forms of ACN, specifically peonidin monoglucuronide and cyanidin-3-glucoside monoglucuronide, are formed in the urine of humans after consuming elderberry.",Químico Experto,POOR_GRAMMAR,LONG,single_hop_specific_query_synthesizer
What is the source of ACN gender of subjects dosage plasma (max) references?,"['Source of ACN Gender of subjects Dosage Plasma (max)\nUrine recovery\n(%, w/w) References\nElderberry and black currant F 1,M 2 2.95 mg/kg 29 /H1100610 nmol/L3 NA4 15\n(Juice)\nBlack currant M 3.58 mg/kg 115 nmol/L 0.11%/8 h 18\n(Concentrate)\nElderberry F 10.9 mg/kg 97.4 nmol/L 0.055%/8 h 17\n(Extract) 0.077%/4 h this paper\nBlueberry F 10.0 mg/kg ND 5 0.004%/6 h this paper\n(Whole berry)\nRed wine M 68 mg (total) 1.4 nmol/L 0.024%/6 h 19\nDealcoholized red wine M 58 mg (total) 1.5 nmol/L 0.0224%/6 h 19\nRed grape juice M 117 mg (total) 2.8 nmol/L 0.023%/6 h 19\nWine F, M 218 mg (total) NA 1.5 –5.1%/12 h 13\nElderberry F, M 500 mg (total) NA 0.05% (total) 22\n(Juice)\n1 Female, 2 Male, 3 Mean /H11006SD, 4 Not analyzed, 5 Not detected.\nWU ET AL.1870']","The sources of ACN gender of subjects dosage plasma (max) are as follows:
- Elderberry and black currant F 1, M 2: 2.95 mg/kg
- Black currant M 3.58 mg/kg: 115 nmol/L
- Elderberry F 10.9 mg/kg: 97.4 nmol/L
- Blueberry F 10.0 mg/kg: ND (Not Detected)
- Red wine M 68 mg (total): 1.4 nmol/L
- Dealcoholized red wine M 58 mg (total): 1.5 nmol/L
- Red grape juice M 117 mg (total): 2.8 nmol/L
- Wine F, M 218 mg (total): NA (Not Analyzed)",Químico Experto,PERFECT_GRAMMAR,SHORT,single_hop_specific_query_synthesizer
What is the concentration of Elderberry F in a specific test?,['Elderberry F 10.9 mg/kg 97.4 nmol/L 0.055%/8 h 17 (Extract) 0.077%/4 h this paper Blueberry F 10.0 mg/kg ND 5'],"The context provided does not contain information about the concentration of Elderberry F, as it only mentions Blueberry F and its concentrations.",Químico Experto,POOR_GRAMMAR,SHORT,single_hop_specific_query_synthesizer
"What is the author's name associated with the term 'Gee, J. M., DuPont, M. S., Rhodes, M. J. C. & Johnson, I. T. (1998)'?","['and Structure-Activity Relationships. New York: Alan R. Liss, Inc. 177 –194.\n27. Gao, L. & Mazza, G. (1995) Characterization of acetylated anthocya-\nnins in lowbush blueberries. J. Liquid Chromatogr. 18: 245 –259.\n28. Hollman, P. C. H., de Vries, J. H. M., van Leeuwen, S. D., Mengelers,\nM. J. B. & Katan, M. B. (1995) Absorption of dietary quercetin glycosides and\nquercetin in healthy ileostomy volunteers. Am. J. Clin. Nutr. 62: 1276 –1282.\n29. Walle, T., Otake, Y., Walle, U. K. & Wilson, F. A. (2000) Quercetin\nglucosides are completely hydrolyzed in ileostomy patients before absorption. J.\nNutr. 130: 2658 –2661.\n30. Gee, J. M., DuPont, M. S., Rhodes, M. J. C. & Johnson, I. T. (1998)\nQuercetin glucosides interact with the intestinal glucose transport pathway. Free\nRadic. Biol. Med. 25: 19 –25.\n31. Shaw, I. C. & Grif ﬁths, L. A. (1980) Identi ﬁcation of major biliary\nmetabolite of (/H11001)-catechin in the rat. Xenobiotica. 10: 905 –911.']","The author associated with the term 'Gee, J. M., DuPont, M. S., Rhodes, M. J. C. & Johnson, I. T. (1998)' is not explicitly mentioned in the provided context.",Químico Experto,MISSPELLED,MEDIUM,single_hop_specific_query_synthesizer
What are the characteristics and applications of lowbush blueberries?,"['Gao, L. & Mazza, G. (1995) Characterization of acetylated anthocya- nins in lowbush blueberries. J. Liquid Chromatogr. 18: 245 –259.']","Lowbush blueberries, also known as wild blueberries or northern blueberries, have a unique flavor profile due to their high anthocyanin content. They are characterized by their small size, deep purple color, and sweet-tart taste. These berries are primarily used in jams, pies, and other desserts but can also be consumed fresh. Their lowbush nature refers to the fact that they grow wild in Canada's boreal forest.",Analista Junior,MISSPELLED,SHORT,single_hop_specific_query_synthesizer
What is the purpose of assessing cocoa powder changes during the alkalization process using untargeted metabolomics?,"['LWT - Food Science and Technology 172 (2022) 114207\nAvailable online 22 November 2022\n0023-6438/© 2022 The Authors. Published by Elsevier Ltd. This is an open access article under the CC BY-NC-ND license (http://creativecommons.org/licenses/by-\nnc-nd/4.0/).\nAssessment of cocoa powder changes during the alkalization process using \nuntargeted metabolomics \nMaider Gre ˜no\na , b\n, Miguel Herrero\nb\n, Alejandro Cifuentes\nb\n, María Luisa Marina\na , c\n, María Castro- \nPuyana\na , c , * \na\nUniversidad de Alcal ´a. Departamento de Química Analítica, Química Física e Ingeniería Química, Ctra. Madrid-Barcelona Km. 33.600, 28871, Alcal ´a de Henares \n(Madrid), Spain \nb\nLaboratory of Foodomics, Institute of Food Science Research (CIAL, CSIC-UAM), Nicol ´as Cabrera 9, 28049, Madrid, Spain \nc\nUniversidad de Alcal ´a. Instituto de Investigaci ´on Química Andr ´es M. del Río, Ctra. Madrid-Barcelona Km. 33.600, 28871, Alcal ´a de Henares (Madrid), Spain   \nARTICLE INFO  \nKeywords:']",The purpose of assessing cocoa powder changes during the alkalization process using untargeted metabolomics is to identify and quantify the metabolic alterations that occur in cocoa powder as a result of this process.,Analista Junior,POOR_GRAMMAR,SHORT,single_hop_specific_query_synthesizer
What is the purpose of using untargeted metabolomics in assessing cocoa powder changes during the alkalization process?,"['LWT - Food Science and Technology 172 (2022) 114207\nAvailable online 22 November 2022\n0023-6438/© 2022 The Authors. Published by Elsevier Ltd. This is an open access article under the CC BY-NC-ND license (http://creativecommons.org/licenses/by-\nnc-nd/4.0/).\nAssessment of cocoa powder changes during the alkalization process using \nuntargeted metabolomics \nMaider Gre ˜no\na , b\n, Miguel Herrero\nb\n, Alejandro Cifuentes\nb\n, María Luisa Marina\na , c\n, María Castro- \nPuyana\na , c , * \na\nUniversidad de Alcal ´a. Departamento de Química Analítica, Química Física e Ingeniería Química, Ctra. Madrid-Barcelona Km. 33.600, 28871, Alcal ´a de Henares \n(Madrid), Spain \nb\nLaboratory of Foodomics, Institute of Food Science Research (CIAL, CSIC-UAM), Nicol ´as Cabrera 9, 28049, Madrid, Spain \nc\nUniversidad de Alcal ´a. Instituto de Investigaci ´on Química Andr ´es M. del Río, Ctra. Madrid-Barcelona Km. 33.600, 28871, Alcal ´a de Henares (Madrid), Spain   \nARTICLE INFO  \nKeywords:']","Untargeted metabolomics is used to assess cocoa powder changes during the alkalization process by identifying and quantifying small molecules present in the sample without prior knowledge or hypothesis about their identities. This method helps in understanding the chemical composition of cocoa powder throughout the processing steps, providing insights into its quality and characteristics.",Analista Junior,PERFECT_GRAMMAR,LONG,single_hop_specific_query_synthesizer
What are the components of cocoa and how do they contribute to its composition?,"['changes may be due to Maillard reactions, polyphenol polymerization \nand oxidation, or the increased activity of polyphenol oxidase enzyme at \nhigher pHs ( Valverde-García et al., 2020 ). \nCocoa is composed of a great variety of compounds such as carbo -\nhydrates, proteins, fats, polyphenols, methylxanthines, minerals, vita -\nmins, and amino acids ( Martín & Ramos, 2017 ). Certainly, the \nalkalization process implies several chemical transformations which can \nmodify the cocoa composition but also its nutritional, sensory, and \nmicrobiological characteristics. Several works have investigated the \nchange in the composition of alkalized cocoa ( Valverde-García et al., \n* Corresponding author. Universidad de Alcal ´a. Departamento de Química Analítica, Química Física e Ingeniería Química, Ctra. Madrid-Barcelona Km. 33.600, \n28871, Alcal ´a de Henares (Madrid), Spain. \nE-mail address: maria.castrop@uah.es (M. Castro-Puyana).  \nContents lists available at ScienceDirect \nLWT']","Cocoa is composed of a great variety of compounds such as carbohydrates, proteins, fats, polyphenols, methylxanthines, minerals, vitamins, and amino acids. These components play crucial roles in determining the nutritional, sensory, and microbiological characteristics of cocoa.",Analista Junior,WEB_SEARCH_LIKE,SHORT,single_hop_specific_query_synthesizer
What is the alkalization process and its potential effects on cocoa composition?,"['changes may be due to Maillard reactions, polyphenol polymerization \nand oxidation, or the increased activity of polyphenol oxidase enzyme at \nhigher pHs ( Valverde-García et al., 2020 ). \nCocoa is composed of a great variety of compounds such as carbo -\nhydrates, proteins, fats, polyphenols, methylxanthines, minerals, vita -\nmins, and amino acids ( Martín & Ramos, 2017 ). Certainly, the \nalkalization process implies several chemical transformations which can \nmodify the cocoa composition but also its nutritional, sensory, and \nmicrobiological characteristics. Several works have investigated the \nchange in the composition of alkalized cocoa ( Valverde-García et al., \n* Corresponding author. Universidad de Alcal ´a. Departamento de Química Analítica, Química Física e Ingeniería Química, Ctra. Madrid-Barcelona Km. 33.600, \n28871, Alcal ´a de Henares (Madrid), Spain. \nE-mail address: maria.castrop@uah.es (M. Castro-Puyana).  \nContents lists available at ScienceDirect \nLWT']","The alkalization process involves several chemical transformations that can modify the composition of cocoa. These changes may affect nutritional, sensory, and microbiological characteristics. Several studies have investigated how this process alters the cocoa's composition.",Químico Experto,MISSPELLED,LONG,single_hop_specific_query_synthesizer
What are the reagents and chemicals used in a metabolomics analysis?,"['comprehensive metabolomics analysis to identify those metabolites \nshowing significant differences along the alkalization degrees, which \ncan be considered as potential markers of the alkalization process. \n2. Materials and methods \n2.1. Reagents and chemicals \nSolvents employed were HPLC-grade. Heptane was from Scharlau \n(Barcelona, Spain). MS grade methanol and acetonitrile were from VWR \nChemicals (Barcelona, Spain), whereas formic acid and ethanol were \npurchased from Thermo Fisher Scientific (Madrid, Spain). Ultrapure \nwater was obtained from a Millipore system (Billerica, MA, USA). Citric \nacid, adenosine, phenylalanine, theobromine, protocatechuic acid, \n( + )-catechin hydrate, and caffeine were from Sigma (Madrid, Spain). \nPyroglutamic acid and leucine were obtained from Fluka (Buchs, \nSwitzerland). \n2.2. Samples \nA natural cocoa powder sample (CN) and three cocoa powder sam -\nples alkalized at different degrees: light (CL), medium (CM), and strong']","In the context provided, the reagents and chemicals used for a metabolomics analysis include HPLC-grade solvents such as heptane, MS grade methanol and acetonitrile, formic acid, ethanol, citric acid, adenosine, phenylalanine, theobromine, protocatechuic acid, (+)-catechin hydrate, caffeine, pyroglutamic acid, and leucine. These materials were sourced from Scharlau (Barcelona, Spain), VWR Chemicals (Barcelona, Spain), Thermo Fisher Scientific (Madrid, Spain), and Sigma (Madrid, Spain). The water used was ultrapure obtained from a Millipore system.",Analista Junior,WEB_SEARCH_LIKE,SHORT,single_hop_specific_query_synthesizer
What is the purpose of a medium degree in samples?,"['Samples A natural cocoa powder sample (CN) and three cocoa powder sam - ples alkalized at different degrees: light (CL), medium (CM), and strong (CS) were kindly provided by']","A medium degree refers to a specific level or stage, likely indicating a moderate intensity or concentration. In this context, it suggests that the cocoa powder samples were alkalized at a moderate level.",Químico Experto,MISSPELLED,LONG,single_hop_specific_query_synthesizer
What is the purpose of using a solution of two reference ions in MS/MS analysis?,"['ranging from 25 to 1100 at a scan rate of 5 spectra per second. MS/MS \nanalyses were performed by fragmenting the selected precursor ions \nwith voltages of 20 and 40 V in the collision chamber. A solution of two \nreference ions was used to allow proper mass correction, namely, m/z \n121.0508 (C\n5\nH\n4\nN\n4\n) and 922.0097 (C\n18\nH\n18\nO\n6\nN\n3\nP\n3\nF\n24\n) in positive mode, \nand m/z 119.0363 (C\n5\nH\n4\nN\n4\n) and 966.0007 (C\n18\nH\n18\nO\n6\nN\n3\nP\n3\nF\n24 \n+\nformate) in negative mode. \n2.5. Metabolomics sequence \nBlanks and the QC sample were injected at the beginning and end of \nthe analytical sequence to assure the good stability of the system. Then, \nfour groups of samples and five replicates of each group were randomly \ninjected in triplicate. Every six samples a QC sample was also injected to \nassess the stability of the analyses. Moreover, through the metabolomics \nsequence, the mix solution containing ten standards was injected to \nevaluate mass accuracy and retention time-shifting.']","A solution of two reference ions, such as m/z 121.0508 (C5H4N4) and 922.0097 (C18H18O6N3P3F24), is used in MS/MS analysis to allow proper mass correction. This helps ensure accurate measurement of the masses of ions, particularly when dealing with complex mixtures.",Químico Experto,WEB_SEARCH_LIKE,MEDIUM,single_hop_specific_query_synthesizer
What is MS/MS analysis in the context of metabolomics?,"['ranging from 25 to 1100 at a scan rate of 5 spectra per second. MS/MS \nanalyses were performed by fragmenting the selected precursor ions \nwith voltages of 20 and 40 V in the collision chamber. A solution of two \nreference ions was used to allow proper mass correction, namely, m/z \n121.0508 (C\n5\nH\n4\nN\n4\n) and 922.0097 (C\n18\nH\n18\nO\n6\nN\n3\nP\n3\nF\n24\n) in positive mode, \nand m/z 119.0363 (C\n5\nH\n4\nN\n4\n) and 966.0007 (C\n18\nH\n18\nO\n6\nN\n3\nP\n3\nF\n24 \n+\nformate) in negative mode. \n2.5. Metabolomics sequence \nBlanks and the QC sample were injected at the beginning and end of \nthe analytical sequence to assure the good stability of the system. Then, \nfour groups of samples and five replicates of each group were randomly \ninjected in triplicate. Every six samples a QC sample was also injected to \nassess the stability of the analyses. Moreover, through the metabolomics \nsequence, the mix solution containing ten standards was injected to \nevaluate mass accuracy and retention time-shifting.']","MS/MS (Mass Spectrometry/Mass Spectrometry) analyses are used in metabolomics to fragment selected precursor ions with voltages of 20 and 40 V in the collision chamber. The reference ions m/z 121.0508 (C5H4N4) and 922.0097 (C18H18O6N3P3F24) are used for proper mass correction, while m/z 119.0363 (C5H4N4) and 966.0007 (C18H18O6N3P3F24+formate) are also analyzed in negative mode to assess the stability of the system.",Químico Experto,WEB_SEARCH_LIKE,LONG,single_hop_specific_query_synthesizer
What approach was used to optimize the extraction procedure for cocoa samples?,"['Ideally, the sample preparation should be as non-selective as possible to \nensure a broad coverage of the metabolome. \nThe approach followed for optimizing the extraction procedure was \nbased on the achievement of the greatest number of molecular features \nfrom cocoa samples. Previous results obtained by our research group \nrelated to the use of an HPLC-MS-based metabolomics approach to \nreveal cocoa powder adulterations demonstrated that a defatting step \n(to remove fatty acid content), the use of a thermomixer (as it enabled \nthe control of temperature), and 30 min of extraction time were the most \nappropriate conditions to carry out the extraction ( Gre ˜no et al., 2022 ). \nTaking into account these conditions, the extraction solvent to perform \nthe metabolite extraction from the samples investigated in this study \nwas optimized. \nThus, different solvents and solvents mixtures, including methanol \n(25, 50, 75, 80, 90% in water), ethanol (25, 50, 75% in water), and']",The approach followed for optimizing the extraction procedure for cocoa samples was based on achieving the greatest number of molecular features from the samples.,Químico Experto,MISSPELLED,LONG,single_hop_specific_query_synthesizer
What is the purpose of sample preparation in metabolomics?,"['Ideally, the sample preparation should be as non-selective as possible to \nensure a broad coverage of the metabolome. \nThe approach followed for optimizing the extraction procedure was \nbased on the achievement of the greatest number of molecular features \nfrom cocoa samples. Previous results obtained by our research group \nrelated to the use of an HPLC-MS-based metabolomics approach to \nreveal cocoa powder adulterations demonstrated that a defatting step \n(to remove fatty acid content), the use of a thermomixer (as it enabled \nthe control of temperature), and 30 min of extraction time were the most \nappropriate conditions to carry out the extraction ( Gre ˜no et al., 2022 ). \nTaking into account these conditions, the extraction solvent to perform \nthe metabolite extraction from the samples investigated in this study \nwas optimized. \nThus, different solvents and solvents mixtures, including methanol \n(25, 50, 75, 80, 90% in water), ethanol (25, 50, 75% in water), and']","Sample preparation in metabolomics aims to optimize conditions for extracting molecular features from samples while ensuring broad coverage of the metabolome. The context provided discusses optimizing extraction procedures based on achieving maximum molecular feature detection, which aligns with this goal.",Analista Junior,WEB_SEARCH_LIKE,SHORT,single_hop_specific_query_synthesizer
What models are shown in Fig. 2 and what quality parameters are included in Table 2?,"['with each alkalization degree in a pairwise way (CN Vs CL, CN Vs CM, \nCN Vs CS). These models are shown in Fig. 2 whereas their quality pa -\nrameters are included in Table 2 . In the PLS-DA model established to \ncompare CN Vs CL in positive ionization mode ( Fig. 2 A), a sample can be \nobserved out of the 95% of the confidence limit represented by the \nhotelling ’ s ellipse; however, taking into account that it was inside the \n99% of the hotelling ’ s ellipse it was not considered as an outlier and was \nkept to carry out the PLS-DA analysis. In all cases, high Q\n2 \nvalues were \nTable 1 \nAverage number of molecular features and RSD values of three replicate in -\njections of a QC sample using different extraction solvents.  \nNumber of molecular features  \nESI + ESI-  \nMFE RSD(%) MFE RSD(%) \n25% EtOH in water 808 10.2 1833 1.7 \n50% EtOH in water 787 6.3 2018 1.9 \n75% EtOH in water 790 4.3 2162 2.1 \n25% MeOH in water 903 12.0 1880 3.9 \n50% MeOH in water 1125 1.8 2020 2.8']","The models shown in Fig. 2 are not explicitly mentioned, but their quality parameters are provided in Table 2.",Químico Experto,MISSPELLED,MEDIUM,single_hop_specific_query_synthesizer
What is the alkalization degree and how are they used in a pairwise comparison?,"['with each alkalization degree in a pairwise way (CN Vs CL, CN Vs CM, \nCN Vs CS). These models are shown in Fig. 2 whereas their quality pa -\nrameters are included in Table 2 . In the PLS-DA model established to \ncompare CN Vs CL in positive ionization mode ( Fig. 2 A), a sample can be \nobserved out of the 95% of the confidence limit represented by the \nhotelling ’ s ellipse; however, taking into account that it was inside the \n99% of the hotelling ’ s ellipse it was not considered as an outlier and was \nkept to carry out the PLS-DA analysis. In all cases, high Q\n2 \nvalues were \nTable 1 \nAverage number of molecular features and RSD values of three replicate in -\njections of a QC sample using different extraction solvents.  \nNumber of molecular features  \nESI + ESI-  \nMFE RSD(%) MFE RSD(%) \n25% EtOH in water 808 10.2 1833 1.7 \n50% EtOH in water 787 6.3 2018 1.9 \n75% EtOH in water 790 4.3 2162 2.1 \n25% MeOH in water 903 12.0 1880 3.9 \n50% MeOH in water 1125 1.8 2020 2.8']","Alkalization degree refers to a method of analyzing samples, typically using high-performance liquid chromatography (HPLC) or other analytical techniques. It involves separating compounds based on their polarity, with different degrees of separation indicating varying levels of alkalinity. In the context provided, these models are used in a pairwise comparison between CN and CL extraction methods, where each method is analyzed for its quality parameters.",Analista Junior,WEB_SEARCH_LIKE,MEDIUM,single_hop_specific_query_synthesizer
What are the quality parameters and cross-validated ANOVA results for the PLS-DA models obtained in both ESI modes?,"['plot obtained in positive ionization mode with (A) \nand without (B) QC and negative ionization mode \nwith (C) and without (D) QC. Hotelling ’ s ellipses \nrepresent the 95% confidence limit. QC, quality con -\ntrol (green); CN, natural cocoa (yellow); CL, light \nalkalized cocoa (dark blue); CM, medium alkalized \ncocoa (red); CS, strong alkalized cocoa (light blue). \n(For interpretation of the references to color in this \nfigure legend, the reader is referred to the Web \nversion of this article.)   \nTable 2 \nQuality parameters (R\n2\nX, R\n2\nY, and Q\n2\n) of the PLS-DA models and F and p-values \nof the cross-validated ANOVA obtained in both ESI modes.   \nESI + ESI-   \nQuality \nparameters \nCross- \nValidated \nANOVA \nQuality \nparameters \nCross- \nValidated \nANOVA \nCN, CL, \nCM, \nCS \nR\n2\nX = 0.950 \nR\n2\nY = 0.991 \nQ\n2 \n= 0.988 \nF = 433.0 \np-value = 0 \nR\n2\nX = 0.877 \nR\n2\nY = 0.984 \nQ\n2 \n= 0.983 \nF = 424.1 \np-value = 0 \nCN vs. \nCL \nR\n2\nX = 0.903 \nR\n2\nY = 0.994 \nQ\n2 \n= 0.992 \nF = 925.8 \np-value = 9.1']","The quality parameters (R
2
X, R
2
Y, and Q
2
) of the PLS-DA models obtained in both ESI modes are as follows: 
ESI + mode: R
2
X = 0.950, R
2
Y = 0.991, Q
2
= 0.988; Cross-Validated ANOVA results: F = 433.0, p-value = 0 
ESI - mode: R
2
X = 0.877, R
2
Y = 0.984, Q
2
= 0.983; Cross-Validated ANOVA results: F = 424.1, p-value = 0 
CN vs. CL comparison: R
2
X = 0.903, R
2
Y = 0.994, Q
2
= 0.992; Cross-Validated ANOVA results: F = 925.8, p-value = 9.1",Analista Junior,POOR_GRAMMAR,MEDIUM,single_hop_specific_query_synthesizer
What does a 95% confidence limit represent in Hotelling's ellipses?,"['Hotelling ’ s ellipses represent the 95% confidence limit. QC, quality con - trol (green); CN, natural cocoa (yellow); CL, light alkalized cocoa (dark blue); CM, medium alkalized cocoa (red);']",A 95% confidence limit in Hotelling's ellipses represents the boundary within which there is a 95% probability that the true mean of the population lies.,Químico Experto,MISSPELLED,SHORT,single_hop_specific_query_synthesizer
What are the metabolites mentioned in the context?,"['18 2  Unknown 256.1770  169.1334, 197.1285 2.37624 2.28688 1.80134 – \n19 2.1  Unknown 199.1082  109.0757, 121.076, \n135.0913, 163.0864, \n181.0967 \n2.14039 1.75327  ↑ \n20 2.1 C\n7\nH\n11\nNO\n2 \nL-Hypoglycin A 142.0867 3 41.0385, 69.0333, 74.0601, \n96.0812, 124.0761 \n1.93114 2.27454 2.42329 ↑ \n21 2.4  Unknown 242.1869  84.0805, 141.1027, \n169.0972, 197.1643, \n225.1591 \n2.0955 2.11894 1.62489 ↓ \n22 2.5 C\n10\nH\n21\nN\n5\nO\n4 \nArg-Thr 276.1710 16 84.0805, 120.0802, \n175.08631, 259.1437 \n3.00609 3.05811 3.05811 ↓ \n23 2.5 C\n7\nH\n8\nN\n4\nO\n2 \nTheobromine\na \n181.0723 2 42.0340, 110.0710, \n138.0655, 163.0606 \n3.04819 1.97436 1.97436 ↑ \n24 2.6  Unknown 399.2351  158.0926, 197.1282  2.10664 2.48566 ↓ \n25 2.7  Unknown 304.1776  98.0597, 120.0798, \n217.1329, 245.1287 \n3.21448 3.11444 3.11444 – \n26 2.8  Unknown 188.0711  118.0646, 146.0587 2.16518 2.29611 2.37581 ↓ \n27 3.4  Unknown 154.0505  94.0288, 122.0231 2.75232 2.86339  ↑ \n28 3.7 C\n8\nH\n10\nN\n4\nO\n2 \nCaffeine\na']","The context mentions several metabolites, including Theobromine (181.0723), Caffeine (181.0723), and Theobromine (163.0606).",Analista Junior,POOR_GRAMMAR,MEDIUM,single_hop_specific_query_synthesizer
What is the structure and composition of compound H?,['20 2.1 C 7 H 11 NO 2 L-Hypoglycin A 142.0867 3'],"Compound H has a molecular formula of C7H11NO2, indicating it contains seven carbon atoms, eleven hydrogen atoms, one nitrogen atom, and two oxygen atoms. The presence of these elements suggests that it could be involved in biological processes or chemical reactions.",Químico Experto,WEB_SEARCH_LIKE,LONG,single_hop_specific_query_synthesizer
What is the mass error for the tentative identification of the ion at m/z 110 in the negative ionization mode?,"['tation patterns to those obtained for the commercial standards. Both \ncompounds are the most abundant methylxanthines in cocoa. As pre -\nviously reported by Bianco et al. caffeine showed an intense ion frag -\nment at m/z 138 due to the neutral loss of methyl isocyanate ( \x00 57 Da) as \na consequence of a retro-Diels Alder rearrangement ( Bianco et al., \n2009 ). A consecutive loss of CO ( \x00 28 Da) from this fragment gave rise to \nan ion at m/z 110. For theobromine, the neutral loss of water yielded an \nTable 4 \nTentative identification of significant variables in negative ionization mode.         \nVIP values \nN\n◦\nrt Molecular \nformula \nTentative Identification [M-H]\n- \nMass error \n(ppm) \nMain MS/MS fragments CN vs \nCL \nCN vs \nCM \nCN vs \nCS \nAlkalization \ntrend \n1 0.6 C\n4\nH\n6\nO\n5 \nMalic acid 133.0160 13 43.0197, 71.0147, \n115.0042 \n2.48679 2.24862 2.49771 ↑ \n2 0.6 C\n6\nH\n8\nO\n7 \nCitric acid\na \n191.0217 11 57.0352, 58.0299, 87.0097, \n111.0094 \n6.81052 6.81382 5.45201 – \n3 0.7 C\n5\nH\n7\nNO\n3']",The mass error for the tentative identification of the ion at m/z 110 in the negative ionization mode was 2.48679 ppm.,Analista Junior,PERFECT_GRAMMAR,SHORT,single_hop_specific_query_synthesizer
What was the reason for the intense ion fragment at m/z 138 in caffeine?,['As pre - viously reported by Bianco et al. caffeine showed an intense ion frag - ment at m/z 138 due to the neutral loss of methyl isocyanate ( \x00 57 Da) as a'],The intense ion fragment at m/z 138 in caffeine is due to the neutral loss of methyl isocyanate (57 Da) as a result of the neutral loss fragmentation process.,Químico Experto,POOR_GRAMMAR,MEDIUM,single_hop_specific_query_synthesizer
What is the reported decrease in caffeine content by these authors regarding caffeine?,"['LWT 172 (2022) 114207\n7\nion fragment at m/z 163. Subsequently, the same fragmentation pattern \nof caffeine was observed (ion fragments at m/z 138 and 110)]. Although \nother authors have reported a decrease in the level of these compounds \nwhen the alkalization degree increases ( Li et al., 2012 ), the trend \nobserved in this work corresponds to a slight increase of theobromine \nand caffeine levels at the highest alkalization degree in comparison with \nthat obtained for natural cocoa. Sioriki et al. reported that alkalization \ndid not produce any significant change in the concentration of theo -\nbromine in the cocoa powder which is in agreement with our results \n( Sioriki et al., 2021 , 2022 ). Regarding caffeine, these authors reported a \ndecrease in the caffeine content by 22 – 35% in the first min of alkali -\nzation while no significant changes were observed with higher alkali -\nzation temperature and longer times. \nCompound 29 ([M + H]\n+\n= 291 m/z ), detected in positive ionization']",These authors reported a decrease in the caffeine content by 22 – 35% when the alkalization degree increases.,Analista Junior,MISSPELLED,LONG,single_hop_specific_query_synthesizer
What is the alkalization degree trend regarding the levels of theobromine and caffeine?,"['LWT 172 (2022) 114207\n7\nion fragment at m/z 163. Subsequently, the same fragmentation pattern \nof caffeine was observed (ion fragments at m/z 138 and 110)]. Although \nother authors have reported a decrease in the level of these compounds \nwhen the alkalization degree increases ( Li et al., 2012 ), the trend \nobserved in this work corresponds to a slight increase of theobromine \nand caffeine levels at the highest alkalization degree in comparison with \nthat obtained for natural cocoa. Sioriki et al. reported that alkalization \ndid not produce any significant change in the concentration of theo -\nbromine in the cocoa powder which is in agreement with our results \n( Sioriki et al., 2021 , 2022 ). Regarding caffeine, these authors reported a \ndecrease in the caffeine content by 22 – 35% in the first min of alkali -\nzation while no significant changes were observed with higher alkali -\nzation temperature and longer times. \nCompound 29 ([M + H]\n+\n= 291 m/z ), detected in positive ionization']","The alkalization degree trend observed in this work corresponds to a slight increase of theobromine and caffeine levels at the highest alkalization degree compared to that obtained for natural cocoa. This finding aligns with previous studies, such as those by Sioriki et al., which reported no significant changes in the concentration of theobromine after alkalization.",Analista Junior,PERFECT_GRAMMAR,LONG,single_hop_specific_query_synthesizer
What is the breakdown of the C-C bond of the C α amine according to Carlier et al.?,"['( Adeyeye, 2016 ; M ´endez-Albores et al., 2013 ; Odus & Longe 1998). The \nion at m/z 142 ([M + H]\n+\n) was tentatively identified as L-Hypoglycin A \n( compound 20 ). According to Carlier et al. the breakdown of the C-C \nbond of the C α amine gave two main fragments at m/z 96 and 74 which \nare present in the obtained MS/MS fragmentation spectrum ( Carlier \net al., 2015 ). Under MS/MS fragmentation of compound 32 ([M + H]\n+\n= 316 m/z ) in positive ionization mode, ion m/z 60 (C\n2\nH\n6\nNO moiety) \nwas obtained. The comparison of its MS/MS fragmentation with that \nfound in FooDB database allowed tentatively identifying this compound \nas dehydrophytosphingosine. The level of this compound strongly \ndecreased when the sample was submitted to the alkalization process. \nHowever, the variation of the alkalization degree only gave rise to a \nslight variation in the content of this 1,3-aminoalcohol. The last two \ncompounds tentatively identified in positive ionization mode corre -']","According to Carlier et al., the breakdown of the C-C bond of the C α amine gave two main fragments at m/z 96 and 74 which are present in the obtained MS/MS fragmentation spectrum.",Analista Junior,POOR_GRAMMAR,MEDIUM,single_hop_specific_query_synthesizer
What is L-Hypoglycin A and its role in a specific compound analysis?,"['( Adeyeye, 2016 ; M ´endez-Albores et al., 2013 ; Odus & Longe 1998). The \nion at m/z 142 ([M + H]\n+\n) was tentatively identified as L-Hypoglycin A \n( compound 20 ). According to Carlier et al. the breakdown of the C-C \nbond of the C α amine gave two main fragments at m/z 96 and 74 which \nare present in the obtained MS/MS fragmentation spectrum ( Carlier \net al., 2015 ). Under MS/MS fragmentation of compound 32 ([M + H]\n+\n= 316 m/z ) in positive ionization mode, ion m/z 60 (C\n2\nH\n6\nNO moiety) \nwas obtained. The comparison of its MS/MS fragmentation with that \nfound in FooDB database allowed tentatively identifying this compound \nas dehydrophytosphingosine. The level of this compound strongly \ndecreased when the sample was submitted to the alkalization process. \nHowever, the variation of the alkalization degree only gave rise to a \nslight variation in the content of this 1,3-aminoalcohol. The last two \ncompounds tentatively identified in positive ionization mode corre -']","L-Hypoglycin A, also known as compound 20, was tentatively identified by Adeyeye et al. (2016) as the ion at m/z 142 ([M + H]⁺). It is part of an MS/MS fragmentation spectrum and has two main fragments at m/z 96 and 74, which are present in the obtained spectrum. The compound was also tentatively identified by Carlier et al. (2015) as dehydrophytosphingosine through its comparison with a database of MS/MS fragmentation spectra.",Químico Experto,PERFECT_GRAMMAR,SHORT,single_hop_specific_query_synthesizer
What is the level of compound 4 in strongly alkalized cocoa samples compared to its level in CN?,"['decreased slightly in the medium level. \nCompound 4 which showed a [M-H]\n- \nion at m/z 161 and a fragment \nat m/z 57 was identified as 3-hydroxy-3-methylglutaric acid by the \ncomparison of its fragmentation spectrum with that obtained in the \ndatabase FooDB. The level of this compound was lower for all alkali -\nzation degrees when compared with its level in CN. In addition, its \ncontent was similar in CL and CM and lower in CS. Compounds 6 ([M- \nH]\n- \n= 153 m/z ) and 10 ([M-H]\n- \n= 137 m/z ) were assigned to proto -\ncatechuic acid (which was unequivocally identified) and protocatechuic \naldehyde ( Barbana et al., 2017 ), respectively. For both compounds, an \nincrease in their content was observed in strongly alkalized cocoa \nsamples. The increase was more pronounced in the case of proto -\ncatechuic aldehyde. \nThe [M-H]\n- \nion at m/z 294 ( compound 8 ), was tentatively identified \nas N -caffeoyl- L -aspartate (an N -phenylpropenoyl- L -amino acid \nM. Gre ˜no et al.']","The level of compound 4 was lower for all alkali-zation degrees when compared with its level in CN, indicating a decreased slightly in the medium level.",Químico Experto,POOR_GRAMMAR,SHORT,single_hop_specific_query_synthesizer
What is the relationship between alkali-zation degrees and the content of specific compounds in cocoa samples?,"['decreased slightly in the medium level. \nCompound 4 which showed a [M-H]\n- \nion at m/z 161 and a fragment \nat m/z 57 was identified as 3-hydroxy-3-methylglutaric acid by the \ncomparison of its fragmentation spectrum with that obtained in the \ndatabase FooDB. The level of this compound was lower for all alkali -\nzation degrees when compared with its level in CN. In addition, its \ncontent was similar in CL and CM and lower in CS. Compounds 6 ([M- \nH]\n- \n= 153 m/z ) and 10 ([M-H]\n- \n= 137 m/z ) were assigned to proto -\ncatechuic acid (which was unequivocally identified) and protocatechuic \naldehyde ( Barbana et al., 2017 ), respectively. For both compounds, an \nincrease in their content was observed in strongly alkalized cocoa \nsamples. The increase was more pronounced in the case of proto -\ncatechuic aldehyde. \nThe [M-H]\n- \nion at m/z 294 ( compound 8 ), was tentatively identified \nas N -caffeoyl- L -aspartate (an N -phenylpropenoyl- L -amino acid \nM. Gre ˜no et al.']","The provided context indicates that the level of certain compounds, such as 3-hydroxy-3-methylglutaric acid, decreased slightly with increased alkali-zation degrees. Specifically, its content was lower for all alkali-zation degrees when compared to its level in CN (control) samples and similar in CL and CM but lower in CS. The context also mentions that the increase in the content of proto-catechuic aldehyde was more pronounced in strongly alkalized cocoa samples.",Analista Junior,WEB_SEARCH_LIKE,MEDIUM,single_hop_specific_query_synthesizer
How many metabolites were identified among all the metabolites?,"['olomics in both ionization modes to achieve a broad metabolite \ncoverage. Among all the metabolites, a total of 31 could be identified, \nbeing 9 of them unequivocally identified. Mainly, they were identified as \namino acids, alkaloids, organic acids, or polyphenols, among others. \nDifferent trends related to the effect of the alkalization degree on the \nlevel of the identified compounds were observed. The present data \nprovide comprehensive information on the effects of alkalization pro -\ncess on the metabolites of cocoa powder samples demonstrating that this \nprocess has a great impact on their chemical composition. From a \npractical point of view, the evaluation of changes in the chemical \ncomposition of cocoa powder samples submitted to different alkaliza -\ntion degrees by using the metabolomics strategy provides valuable in -\nformation for future development and improvement of the nutritional \nand sensory characteristics of cocoa powder samples.']","Among all the metabolites, a total of 31 could be identified, being 9 of them unequivocally identified.",Analista Junior,POOR_GRAMMAR,MEDIUM,single_hop_specific_query_synthesizer
How were the identified metabolites related to the effect of alkalization degree on the level of compounds?,"['olomics in both ionization modes to achieve a broad metabolite \ncoverage. Among all the metabolites, a total of 31 could be identified, \nbeing 9 of them unequivocally identified. Mainly, they were identified as \namino acids, alkaloids, organic acids, or polyphenols, among others. \nDifferent trends related to the effect of the alkalization degree on the \nlevel of the identified compounds were observed. The present data \nprovide comprehensive information on the effects of alkalization pro -\ncess on the metabolites of cocoa powder samples demonstrating that this \nprocess has a great impact on their chemical composition. From a \npractical point of view, the evaluation of changes in the chemical \ncomposition of cocoa powder samples submitted to different alkaliza -\ntion degrees by using the metabolomics strategy provides valuable in -\nformation for future development and improvement of the nutritional \nand sensory characteristics of cocoa powder samples.']",The present data provided comprehensive information on the effects of alkalization process on the metabolites of cocoa powder samples. Different trends related to the effect of the alkalization degree on the level of the identified compounds were observed.,Analista Junior,WEB_SEARCH_LIKE,SHORT,single_hop_specific_query_synthesizer
What is the purpose of using high resolution-tandem mass spectrometry in targeted and untargeted characterisation studies?,"['( Vigna unguiculata (L.) Walp .) obtained by green extraction technologies. Agronomy, \n11 , 162. https://doi.org/10.3390/agronomy11010162 \nBarbana, C., Nardin, T., Pierotti, A., Malacarne, M., & Larcher, R. (2017). Targeted and \nuntargeted characterisation of free and glycosylated simple phenols in cocoa beans \nusing high resolution-tandem mass spectrometry (Q-Orbitrap). Journal of \nChromatography A, 1480 , 41 – 49. https://doi.org/10.1016/j.chroma.2016.12.022 \nBianco, G., Abate, S., Labella, C., & Cataldi, T. R. I. (2009). Identification and \nfragmentation pathways of caffeine metabolites in urine samples via liquid \nchromatography with positive electrospray ionization coupled to a hybrid \nquadrupole linear ion trap (LTQ) and Fourier transform ion cyclotron resonance \nmass spectrometry and tandem mass spectrometry. Rapid Communications in Mass \nSpectrometry, 23 , 1065 – 1074. https://doi.org/10.1002/rcm.3969']","High-resolution tandem mass spectrometry (HRMS) is used to provide detailed information about the molecular composition of samples, including the identification of specific compounds and their structural details. In this context, it allows for the characterization of free and glycosylated simple phenols in cocoa beans using targeted and untargeted approaches.",Analista Junior,MISSPELLED,SHORT,single_hop_specific_query_synthesizer
What is the purpose of isolation in metabolomics studies?,"['Segura-Carretero, A. (2010). Isolation, comprehensive characterization and antioxidant activities of Theobroma cacao extract. Journal of Functional Foods, 10']","Isolation refers to the process of separating a specific compound or group of compounds from a complex mixture for further analysis and characterization. In the context of metabolomics, it involves identifying basic metabolites and understanding their data m/z.",Analista Junior,WEB_SEARCH_LIKE,LONG,single_hop_specific_query_synthesizer
What is the formation and characterization process of polyphe-nol-derived red chromophores?,"['polyphenol-derived red chromophores. Enhancing the color of processed cocoa \npowders: Part 1. Journal of Agricultural and Food Chemistry, 67 , 4632 – 4642. https:// \ndoi.org/10.1021/acs.jafc.9b01049 \nGermann, D., Stark, T. D., & Hofmann, T. (2019b). Formation and characterization of \npolyphe-nol-derived red chromophores. Enhancing the color of processed cocoa \npowders: Part 2. Journal of Agricultural and Food Chemistry, 67 , 4643 – 4651. https:// \ndoi.org/10.1021/acs.jafc.9b01050 \nGil de la Fuente, A., Godzien, J., Fern ´andez-L ´opez, M., Rup ´erez, F. J., Barbas, C., & \nOtero, A. (2018). Knowledge-based metabolite annotation tool: CEU mass mediator. \nJournal of Pharmaceutical and Biomedical Analysis, 154 , 138 – 149. https://doi.org/ \n10.1016/j.jpba.2018.02.046 \nG ´omez-Romero, M., Segura-Carretero, A., & Fern ´andez-Guti ´errez, A. (2010). Metabolite \nprofiling and quantification of phenolic compounds in methanol extracts of tomato']","The formation and characterization process of polyphe-nol-derived red chromophores involves several steps. First, polyphenols are isolated from cocoa powders or other sources. Then, these compounds undergo chemical reactions to form the desired red chromophores. The resulting products can be further characterized using techniques such as mass spectrometry (MS) and chromatography.",Analista Junior,WEB_SEARCH_LIKE,LONG,single_hop_specific_query_synthesizer
What is the purpose of enhancing the color in processed cocoa powders?,"['polyphenol-derived red chromophores. Enhancing the color of processed cocoa powders: Part 1. Journal of Agricultural and Food Chemistry, 67 ,']","The purpose of enhancing the color in processed cocoa powders, as mentioned in 'Part 1. Journal of Agricultural and Food Chemistry', involves using polyphenol-derived red chromophores to improve the appearance and appeal of the cocoa products.",Químico Experto,MISSPELLED,LONG,single_hop_specific_query_synthesizer
What is the main focus of the research paper by M ´endez-Albores et al. in 2013?,"['s10068-014-0008-5 \nMartín, M. A., & Ramos, S. (2017). Health beneficial effects of cocoa phenolic \ncompounds: Amini-review. Current Opinion in Food Science, 14 , 20 – 25. https://doi. \norg/10.1016/j.cofs.2016.12.002 \nM ´endez-Albores, A., Campos-Aguilar, A. Z., Moreno-Martínez, E., & V ´azquez-Dur ´an, A. \n(2013). Physical and chemical degradation of B-aflatoxins during the roasting and \ndutching of cocoa liquor. Journal of Agricultural Science and Technology A, 15 (3), \n557 – 567 . \nMiller, K. B., Hurst, W. J., Payne, M. J., Stuart, D. A., Apgar, J., Sweigart, D. S., & Ou, B. \n(2008). Impact of alkalization on the antioxidant and flavanol content of commercial \ncocoa powders. Journal of Agricultural and Food Chemistry, 56 , 8527 – 8533. https:// \ndoi.org/10.1021/jf801670p \nNikoli ´c, D., G ¨odecke, T., Chen, S.-N., White, J., Lankin, D. C., Pauli, G. F., & van \nBreemen, R. B. (2012). Mass spectrometric dereplication of nitrogen-containing']",The main focus of the research paper by M ´endez-Albores et al. in 2013 was on the physical and chemical degradation of B-aflatoxins during the roasting and Dutching of cocoa liquor.,Analista Junior,MISSPELLED,SHORT,single_hop_specific_query_synthesizer
What are the health benefits of cocoa phenolic compounds as discussed by Martín and Ramos?,"['s10068-014-0008-5 Martín, M. A., & Ramos, S. (2017). Health beneficial effects of cocoa phenolic compounds: Amini-review. Current Opinion in Food Science,']","The provided context does not contain specific information about the health benefits of cocoa phenolic compounds, but it mentions that they have been reviewed in a study titled 'Health beneficial effects of cocoa phenolic compounds: Amini-review' by Martín and Ramos (2017). This review likely discusses various health benefits associated with these compounds.",Analista Junior,MISSPELLED,LONG,single_hop_specific_query_synthesizer
"What is the correlation between antimicrobial, antioxidant activity, and polyphenols of alkalized/nonalkalized cocoa powders?","['studies on the effect of alkaline processing. Journal of Agricultural and Food Chemistry, \n63 , 5970 – 5975. https://doi.org/10.1021/acs.jafc.5b02661 \nStark, T., & Hofmann, T. (2006). Application of a molecular sensory science approach to \nalkalized cocoa (Theobroma cacao): Structure determination and sensory activity of \nnonenzymatically Cglycosylated flavan-3-ols. Journal of Agricultural and Food \nChemistry, 54 , 9510 – 9521. https://doi.org/10.1021/jf062403 \nTas ¸ , N. G., & G ¨okmen, V. (2016). Effect of alkalization on the Maillard reaction products \nformed in cocoa during roasting. Food Research International, 89 , 930 – 936. https:// \ndoi.org/10.1016/j.foodres.2015.12.021 \nTodorovic, V., Milenkovic, M., Vidovic, B., Todorovic, Z., & Sobajic, S. (2017). \nCorrelation between antimicrobial, antioxidant activity, and polyphenols of \nalkalized/nonalkalized cocoa powders. Journal of Food Science, 82 (4), 1020 – 1027. \nhttps://doi.org/10.1111/17503841.13672']","The study by Todorovic et al., published in Journal of Food Science (2017), investigates the correlation between antimicrobial, antioxidant activity, and polyphenols of both alkalized and non-alkalized cocoa powders. The research aims to understand how these properties are influenced by the processing method.",Químico Experto,PERFECT_GRAMMAR,MEDIUM,single_hop_specific_query_synthesizer
What is the application of a molecular sensory science approach in determining the structure of alkalized cocoa?,"['Stark, T., & Hofmann, T. (2006). Application of a molecular sensory science approach to alkalized cocoa (Theobroma cacao): Structure determination']","Stark, T., & Hofmann, T. (2006). Application of a molecular sensory science approach to alkalized cocoa (Theobroma cacao): Structure determination",Químico Experto,MISSPELLED,MEDIUM,single_hop_specific_query_synthesizer
